<?xml version="1.0" encoding="UTF-8" standalone="no" ?>
<el:level xmlns:xsi="http://www.w3.org/2001/XMLSchema-instance" xsi:schemaLocation="http://enigma-game.org/schema/level/1 level.xsd" xmlns:el="http://enigma-game.org/schema/level/1">
  <el:protected>
    <el:info el:type="level">
      <el:identity el:title="Watery Grave" el:subtitle="" el:id="martin37"/>
      <el:version el:score="1" el:release="1" el:revision="0" el:status="released"/>
      <el:author  el:name="Martin Hawlisch" el:email="" el:homepage=""/>
      <el:copyright>Copyright © 2003 Martin Hawlisch</el:copyright>
      <el:license el:type="GPL version 2" el:open="true"/>
      <el:compatibility el:enigma="0.92">
      </el:compatibility>
      <el:modes el:easy="false" el:single="true" el:network="false"/>
      <el:comments>
        <el:code>Lua 5.1 and XML converted by Leveladministrators</el:code>
      </el:comments>
      <el:score el:easy="-" el:difficult="-"/>
    </el:info>
    <el:luamain><![CDATA[
levelw = 20
levelh = 13

stone="st-rock1"

create_world( levelw, levelh)

draw_border( stone)
fill_floor("fl-water", 5, 5, 10, 3)

draw_floor("fl-gradient", { 2, 1}, {1,0},  16, {type=1})
draw_floor("fl-gradient", { 3, 2}, {1,0},  14, {type=1})
draw_floor("fl-gradient", { 4, 3}, {1,0},  12, {type=1})
draw_floor("fl-gradient", { 5, 4}, {1,0},  10, {type=1})

draw_floor("fl-gradient", { 2,11}, {1,0},  16, {type=2})
draw_floor("fl-gradient", { 3,10}, {1,0},  14, {type=2})
draw_floor("fl-gradient", { 4, 9}, {1,0},  12, {type=2})
draw_floor("fl-gradient", { 5, 8}, {1,0},  10, {type=2})

draw_floor("fl-gradient", { 1, 2}, {0,1},   9, {type=3})
draw_floor("fl-gradient", { 2, 3}, {0,1},   7, {type=3})
draw_floor("fl-gradient", { 3, 4}, {0,1},   5, {type=3})
draw_floor("fl-gradient", { 4, 5}, {0,1},   3, {type=3})

draw_floor("fl-gradient", {18, 2}, {0,1},   9, {type=4})
draw_floor("fl-gradient", {17, 3}, {0,1},   7, {type=4})
draw_floor("fl-gradient", {16, 4}, {0,1},   5, {type=4})
draw_floor("fl-gradient", {15, 5}, {0,1},   3, {type=4})

draw_floor("fl-gradient", { 1, 1}, { 1, 1},   4, {type=5})

draw_floor("fl-gradient", {18, 1}, {-1, 1},   4, {type=6})

draw_floor("fl-gradient", { 1,11}, { 1,-1},   4, {type=7})

draw_floor("fl-gradient", {18,11}, {-1,-1},   4, {type=8})

oxyd( 0, 3)
oxyd( 0, 9)
oxyd(19, 3)
oxyd(19, 9)
oxyd( 3, 0)
oxyd(16, 0)
oxyd( 3,12)
oxyd(16,12)

oxyd_shuffle()

set_actor("ac-blackball", 1.5, 11)
    ]]></el:luamain>
    <el:i18n>
      <el:string el:key="title">
        <el:english el:translate="false"/>
      </el:string>
    </el:i18n>
  </el:protected>
</el:level>
