<?xml version="1.0" encoding="UTF-8" standalone="no" ?>
<el:level xmlns:xsi="http://www.w3.org/2001/XMLSchema-instance" xsi:schemaLocation="http://enigma-game.org/schema/level/1 level.xsd" xmlns:el="http://enigma-game.org/schema/level/1">
  <el:protected>
    <el:info el:type="level">
      <el:identity el:title="Feel Your Way" el:subtitle="" el:id="level3a"/>
      <el:version el:score="1" el:release="1" el:revision="0" el:status="released"/>
      <el:author  el:name="Siegfried Fennig" el:email="" el:homepage=""/>
      <el:copyright>Copyright © 2003 Siegfried Fennig</el:copyright>
      <el:license el:type="GPL version 2" el:open="true"/>
      <el:compatibility el:enigma="0.92">
      </el:compatibility>
      <el:modes el:easy="false" el:single="true" el:network="false"/>
      <el:comments>
        <el:code>Lua 5.1 and XML converted by Leveladministrators</el:code>
      </el:comments>
      <el:score el:easy="-" el:difficult="-"/>
    </el:info>
    <el:luamain><![CDATA[
levelw = 20
levelh = 13

create_world(levelw, levelh)
draw_border("st-invisible")
fill_floor("fl-water", 0, 0, levelw, levelh)
fill_floor("fl-bluegray", 1,1, level_width-2,level_height-2)

oxyd(1,1)
oxyd(18,11)
oxyd(18,1)
oxyd(5,5)
oxyd(1,11)
oxyd(14,6)
oxyd_shuffle()

draw_stones("st-invisible", {4,4}, {1,0},3)
draw_stones("st-invisible", {10,4}, {1,0},4)
draw_stones("st-invisible", {6,7}, {1,0},4)
draw_stones("st-invisible", {12,7}, {1,0},6)
draw_stones("st-invisible", {3,10}, {1,0},5)
draw_stones("st-invisible", {10,10}, {1,0},2)
draw_stones("st-invisible", {2,1}, {0,1},4)
draw_stones("st-invisible", {6,5}, {0,1},1)
draw_stones("st-invisible", {8,1}, {0,1},5)
draw_stones("st-invisible", {13,5}, {0,1},2)
draw_stones("st-invisible", {16,1}, {0,1},5)
draw_stones("st-invisible", {17,8}, {0,1},4)
draw_stones("st-invisible", {3,6}, {0,1},4)
draw_stones("st-invisible", {9,8}, {0,1},4)
draw_stones("st-invisible", {13,9}, {0,1},3)
draw_stones("st-invisible", {15,9}, {0,1},3)

set_actor("ac-blackball", 16.5,11.5)
    ]]></el:luamain>
    <el:i18n>
      <el:string el:key="title">
        <el:english el:translate="false"/>
      </el:string>
    </el:i18n>
  </el:protected>
</el:level>
