<?xml version="1.0" encoding="UTF-8" standalone="no" ?>
<el:level xmlns:xsi="http://www.w3.org/2001/XMLSchema-instance" xsi:schemaLocation="http://enigma-game.org/schema/level/1 level.xsd" xmlns:el="http://enigma-game.org/schema/level/1">
  <el:protected>
    <el:info el:type="level">
      <el:identity el:title="Chained" el:subtitle="" el:id="ant22"/>
      <el:version el:score="1" el:release="1" el:revision="0" el:status="released"/>
      <el:author  el:name="Petr Machata" el:email="" el:homepage=""/>
      <el:copyright>Copyright © 2003 Petr Machata</el:copyright>
      <el:license el:type="GPL v2.0 or above" el:open="true"/>
      <el:compatibility el:enigma="0.92">
       <el:dependency el:path="lib/ant" el:id="lib/ant" el:release="1" el:preload="true"/>
      </el:compatibility>
      <el:modes el:easy="false" el:single="true" el:network="false"/>
      <el:comments>
        <el:code>Lua 5.1 and XML converted by Leveladministrators</el:code>
      </el:comments>
      <el:score el:easy="-" el:difficult="-"/>
    </el:info>
    <el:luamain><![CDATA[
-- 2003-02-10 -- keeping up to date with latest additions to ant.lua
cells={}

cells["."]=abyss
cells[" "]=cell{floor="fl-metal"}
cells["_"]=cell{floor="fl-normal"}
cells["#"]=cell{stone="st-metal"}
cells["x"]=cell{stone="st-grate1"}
cells["0"]=oxyd

blocks = {};
actors = {};
cells["W"]=cell{{cells["_"],{add_multistone, "st-wood", blocks}}}
cells["O"]=cell{{cells["_"],{add_multiactor, "ac-blackball", actors, {player=0}}}}

level = {
   "#0#####......#####0#",
   "0     #......#     0",
   "#     #......#     #",
   "#     #......#     #",
   "#     ########     #",
   "#xxxxxxxxxxxxxxxxxx#",
   "#________W_O_______#",
   "#xxxxxxxxxxxxxxxxxx#",
   "#     ########     #",
   "#     #......#     #",
   "#     #......#     #",
   "0     #......#     0",
   "#0#####......#####0#"
}

-- -- -- -- -- -- -- -- -- -- -- -- -- -- -- -- -- -- -- -- -- -- -- -- -- -- -- -- --
oxyd_default_flavor = "b"
set_default_parent(cells[" "])
create_world_by_map(level)
add_rubber_bands(actors, blocks, 50, 0)
oxyd_shuffle()
    ]]></el:luamain>
    <el:i18n>
      <el:string el:key="title">
        <el:english el:translate="false"/>
      </el:string>
    </el:i18n>
  </el:protected>
</el:level>
