<?xml version="1.0" encoding="UTF-8" standalone="no" ?>
<el:level xmlns:xsi="http://www.w3.org/2001/XMLSchema-instance" xsi:schemaLocation="http://enigma-game.org/schema/level/1 level.xsd" xmlns:el="http://enigma-game.org/schema/level/1">
  <el:protected>
    <el:info el:type="level">
      <el:identity el:title="Easily Inflammable" el:subtitle="" el:id="martin95"/>
      <el:version el:score="2" el:release="2" el:revision="0" el:status="released"/>
      <el:author  el:name="Martin Hawlisch" el:email="" el:homepage=""/>
      <el:copyright>Copyright © 2003 Martin Hawlisch</el:copyright>
      <el:license el:type="GPL version 2" el:open="true"/>
      <el:compatibility el:enigma="0.92">
      </el:compatibility>
      <el:modes el:easy="false" el:single="true" el:network="false"/>
      <el:comments>
        <el:code>Lua 5.1 and XML converted by Leveladministrators</el:code>
      </el:comments>
      <el:score el:easy="-" el:difficult="-"/>
    </el:info>
    <el:luamain><![CDATA[
levelw = 20
levelh = 13

create_world(levelw, levelh+1)

fill_floor("fl-hay")
fill_floor("fl-wood", 0, 4, levelw-4, levelh-8)

draw_border("st-marble", 0,0, levelw, levelh)
draw_stones("st-marble", {0,13}, {1,0}, levelw)
draw_border("st-bombs", 1,1, levelw-2, levelh-2)

fill_items( "it-burnable", 3, 3, levelw-6, levelh-6)

set_item("it-dynamite", 10,3)

set_item("it-puller-n", 5, 10)
set_item("it-extinguisher", 5,12)
set_stone("st-marble_move", 5, 12)

oxyd( 0, 6)
oxyd(19, 6)
oxyd( 6, 0)
oxyd( 6,12)
oxyd(13, 0)
oxyd(13,12)

oxyd_shuffle()

set_actor("ac-blackball", 9.5,5.5)
    ]]></el:luamain>
    <el:i18n>
      <el:string el:key="title">
        <el:english el:translate="false"/>
      </el:string>
    </el:i18n>
  </el:protected>
</el:level>
