<?xml version="1.0" encoding="UTF-8" standalone="no" ?>
<el:level xmlns:xsi="http://www.w3.org/2001/XMLSchema-instance" xsi:schemaLocation="http://enigma-game.org/schema/level/1 level.xsd" xmlns:el="http://enigma-game.org/schema/level/1">
  <el:protected>
    <el:info el:type="level">
      <el:identity el:title="Eccentric Orbits" el:subtitle="" el:id="nat19"/>
      <el:version el:score="1" el:release="1" el:revision="0" el:status="released"/>
      <el:author  el:name="Nat Pryce" el:email="" el:homepage=""/>
      <el:copyright>Copyright © 2003 Nat Pryce</el:copyright>
      <el:license el:type="GPL version 2" el:open="true"/>
      <el:compatibility el:enigma="0.92">
      </el:compatibility>
      <el:modes el:easy="false" el:single="true" el:network="false"/>
      <el:comments>
        <el:code>Lua 5.1 and XML converted by Leveladministrators</el:code>
      </el:comments>
      <el:score el:easy="-" el:difficult="-"/>
    </el:info>
    <el:luamain><![CDATA[
create_world( 20, 13 )
fill_floor( "fl-tigris" )
fill_floor( "fl-leaves", 2, 2, level_width-4, level_height-4 )
draw_border( "st-rock5" )
draw_border( "st-white1", 2, 2, level_width-4, level_height-4 )

set_stone( "st-rotator-left", 1, 0 )
set_stone( "st-rotator-left", level_width-1, 1 )
set_stone( "st-rotator-left", level_width-2, level_height-1 )
set_stone( "st-rotator-left", 0, level_height-2 )

bolder1 = set_stone( "st-bolder-n", 1, 6)
bolder2 = set_stone( "st-bolder-s", level_width-2, 6)
white = set_actor( "ac-whiteball", level_width/2, level_height/2,{player=1, controllers=0, essential=1} )
killer1 = set_actor( "ac-killerball", 5.5, level_height/2, {player=1, controllers=0} )
killer2 = set_actor( "ac-killerball", level_width-5.5, level_height/2, {player=1, controllers=0} )

AddRubberBand( killer1, bolder1, 10, 4 )
AddRubberBand( killer1, white, 2, 1 )
AddRubberBand( killer2, white, 2, 1 )
AddRubberBand( killer2, bolder2, 10, 4 ) 

oxyd_default_flavor = "d"
oxyd(6,0)
oxyd(13,0)
oxyd(6,12)
oxyd(13,12)
oxyd_shuffle()

set_actor( "ac-blackball", level_width/2, 7.5, {player=0, essential=1})
    ]]></el:luamain>
    <el:i18n>
      <el:string el:key="title">
        <el:english el:translate="false"/>
      </el:string>
    </el:i18n>
  </el:protected>
</el:level>
