<?xml version="1.0" encoding="UTF-8" standalone="no" ?>
<el:level xmlns:xsi="http://www.w3.org/2001/XMLSchema-instance" xsi:schemaLocation="http://enigma-game.org/schema/level/1 level.xsd" xmlns:el="http://enigma-game.org/schema/level/1">
  <el:protected>
    <el:info el:type="level">
      <el:identity el:title="The Far Side" el:subtitle="" el:id="martin75"/>
      <el:version el:score="1" el:release="1" el:revision="0" el:status="released"/>
      <el:author  el:name="Martin Hawlisch" el:email="" el:homepage=""/>
      <el:copyright>Copyright © 2003 Martin Hawlisch</el:copyright>
      <el:license el:type="GPL version 2" el:open="true"/>
      <el:compatibility el:enigma="0.92">
      </el:compatibility>
      <el:modes el:easy="false" el:single="true" el:network="false"/>
      <el:comments>
        <el:code>Lua 5.1 and XML converted by Leveladministrators</el:code>
      </el:comments>
      <el:score el:easy="-" el:difficult="-"/>
    </el:info>
    <el:luamain><![CDATA[
levelw = 20
levelh = 13

create_world( levelw, levelh)
draw_border("st-death")
fill_floor("fl-space")
fill_floor("fl-tigris", 9,1,10,11)

draw_stones("st-death", {9,6}, {1,0}, 10)
set_stone("st-death", 7,6)

set_item("it-magnet", 8,6, {name="magnet"})
set_stone("st-switch", 13, 6, {action="onoff", target="magnet"})

oxyd( 17, 2)
oxyd( 17, 4)
oxyd( 17, 8)
oxyd( 17,10)

oxyd( 15, 2)
oxyd( 15, 4)
oxyd( 15, 8)
oxyd( 15,10)

oxyd_shuffle()

set_actor("ac-blackball", 16.5, 4.5)
    ]]></el:luamain>
    <el:i18n>
      <el:string el:key="title">
        <el:english el:translate="false"/>
      </el:string>
    </el:i18n>
  </el:protected>
</el:level>
