<?xml version="1.0" encoding="UTF-8" standalone="no" ?>
<el:level xmlns:xsi="http://www.w3.org/2001/XMLSchema-instance" xsi:schemaLocation="http://enigma-game.org/schema/level/1 level.xsd" xmlns:el="http://enigma-game.org/schema/level/1">
  <el:protected>
    <el:info el:type="level">
      <el:identity el:title="- Meditation -" el:subtitle="" el:id="meditation13"/>
      <el:version el:score="1" el:release="1" el:revision="0" el:status="released"/>
      <el:author  el:name="anonymous" el:email="" el:homepage=""/>
      <el:copyright>Copyright ©</el:copyright>
      <el:license el:type="Donated to Enigma under the projects license" el:open="true"/>
      <el:compatibility el:enigma="0.92">
      </el:compatibility>
      <el:modes el:easy="false" el:single="true" el:network="false"/>
      <el:comments>
        <el:code>Lua 5.1 and XML converted by Leveladministrators</el:code>
      </el:comments>
      <el:score el:easy="-" el:difficult="-"/>
    </el:info>
    <el:luamain><![CDATA[
levelw = 20
levelh = 13

create_world(levelw, levelh)

fill_floor("fl-metal")

draw_border("st-rock1")

set_item( "it-magnet", 6, 6, {on=1, })

hollow(13, 8)
hollow(14, 6)
hollow(11, 5)
hollow(12, 9)

set_actor("ac-whiteball-small", 6.5, 5.5, {player=0, mouseforce=1})
set_actor("ac-whiteball-small",13.5, 5.5, {player=0, mouseforce=1})
set_actor("ac-whiteball-small", 9.5, 7.5, {player=0, mouseforce=1})
set_actor("ac-whiteball-small",10.5, 7.5, {player=0, mouseforce=1})
    ]]></el:luamain>
    <el:i18n>
      <el:string el:key="title">
        <el:english el:translate="false"/>
      </el:string>
    </el:i18n>
  </el:protected>
</el:level>
