<?xml version="1.0" encoding="UTF-8" standalone="no" ?>
<el:level xmlns:xsi="http://www.w3.org/2001/XMLSchema-instance" xsi:schemaLocation="http://enigma-game.org/schema/level/1 level.xsd" xmlns:el="http://enigma-game.org/schema/level/1">
  <el:protected>
    <el:info el:type="level">
      <el:identity el:title="Template 2" el:subtitle="" el:id="template2"/>
      <el:version el:score="1" el:release="1" el:revision="0" el:status="stable"/>
      <el:author  el:name="AUTHOR" el:email="" el:homepage=""/>
      <el:copyright>Copyright © YEAR AUTHOR</el:copyright>
      <el:license el:type="GPL v2.0 or above" el:open="true"/>
      <el:compatibility el:enigma="1.00">
      </el:compatibility>
      <el:modes el:easy="false" el:single="true" el:network="false"/>
      <el:score el:easy="-" el:difficult="-"/>
    </el:info>
    <el:luamain><![CDATA[
-- GENERAL --
levelh = 13
levelw = 20

create_world(levelw, levelh)

function renderLine( line, pattern)
    for i=1, strlen(pattern) do
        local c = strsub( pattern, i, i)
          if c=="x" then
            oxyd(i-1,line)
            set_floor("fl-sahara",i-1,line)
        elseif c=="#" then
            set_stone("st-glass",i-1,line)
            set_floor("fl-sahara",i-1,line)
        elseif c==" " then
            set_floor("fl-sahara",i-1,line)
        end
    end    
end

renderLine(00 , "####################")
renderLine(01 , "#x                x#")
renderLine(02 , "#                  #")
renderLine(03 , "#                  #")
renderLine(04 , "#                  #")
renderLine(05 , "#                  #")
renderLine(06 , "#                  #")
renderLine(07 , "#                  #")
renderLine(08 , "#                  #")
renderLine(09 , "#                  #")
renderLine(10 , "#                  #")
renderLine(11 , "#x                x#")
renderLine(12 , "####################")

oxyd_shuffle()

-- Special
set_item("it-document", 3, 7, {text="text1"})
set_actor("ac-blackball", 2.5,7.5, {player=0})                    
    ]]></el:luamain>
    <el:i18n>
      <el:string el:key="title">
        <el:english el:translate="false"/>
      </el:string>
      <el:string el:key="text1">
        <el:english el:translate="false">Template for a level with the RenderLine method.</el:english>
      </el:string> 
    </el:i18n>
  </el:protected>
</el:level>
