<?xml version="1.0" encoding="UTF-8" standalone="no" ?>
<el:level xmlns:xsi="http://www.w3.org/2001/XMLSchema-instance" xsi:schemaLocation="http://enigma-game.org/schema/level/1 level.xsd" xmlns:el="http://enigma-game.org/schema/level/1">
  <el:protected>
    <el:info el:type="level">
      <el:identity el:title="Wolf Among Sheep" el:subtitle="" el:id="wolfamongsheep"/>
      <el:version el:score="1" el:release="1" el:revision="0" el:status="experimental"/>
      <el:author  el:name="illmind" el:email="support@mag-heut.net" el:homepage="http://www.mag-heut.net/"/>
      <el:copyright>Copyright © 2005 illmind</el:copyright>
      <el:license el:type="GPL v2.0 or above" el:open="true"/>
      <el:compatibility el:enigma="0.92">
      </el:compatibility>
      <el:modes el:easy="false" el:single="true" el:network="false"/>
      <el:comments>
        <el:code>this is just a fun level to take the game engine to its max power.</el:code>
      </el:comments>
      <el:score el:easy="-" el:difficult="-"/>
    </el:info>
    <el:luamain><![CDATA[
-- level dimensions and standards
levelw = 20
levelh = 13
create_world(levelw, levelh)
oxyd_default_flavor = "d"
draw_border("st-rock1")
fill_floor("fl-black", 0,0, level_width,level_height)

-- multiplayer function with no yinyang
function multiplayer_mode()
actor={"ac-blackball", {player=0, mouseforce=1}}
actor={"ac-whiteball", {player=1, mouseforce=1}}
end

-- oxyd stones
oxyd(1,1)
oxyd(18,1)
oxyd(1,11)
oxyd(18,11)
oxyd_shuffle()

-- blackball
set_actor("ac-blackball", 10.5, 6.5, {player=0})

-- whiteball(s)
set_actor("ac-whiteball", 2.5, 1.5, {player=1})
set_actor("ac-whiteball", 3.5, 1.5, {player=1})
set_actor("ac-whiteball", 4.5, 1.5, {player=1})
set_actor("ac-whiteball", 5.5, 1.5, {player=1})
set_actor("ac-whiteball", 6.5, 1.5, {player=1})
set_actor("ac-whiteball", 7.5, 1.5, {player=1})
set_actor("ac-whiteball", 8.5, 1.5, {player=1})
set_actor("ac-whiteball", 9.5, 1.5, {player=1})
set_actor("ac-whiteball", 10.5, 1.5, {player=1})
set_actor("ac-whiteball", 11.5, 1.5, {player=1})
set_actor("ac-whiteball", 12.5, 1.5, {player=1})
set_actor("ac-whiteball", 13.5, 1.5, {player=1})
set_actor("ac-whiteball", 14.5, 1.5, {player=1})
set_actor("ac-whiteball", 15.5, 1.5, {player=1})
set_actor("ac-whiteball", 16.5, 1.5, {player=1})
set_actor("ac-whiteball", 17.5, 1.5, {player=1})
set_actor("ac-whiteball", 1.5, 2.5, {player=1})
set_actor("ac-whiteball", 2.5, 2.5, {player=1})
set_actor("ac-whiteball", 3.5, 2.5, {player=1})
set_actor("ac-whiteball", 4.5, 2.5, {player=1})
set_actor("ac-whiteball", 5.5, 2.5, {player=1})
set_actor("ac-whiteball", 6.5, 2.5, {player=1})
set_actor("ac-whiteball", 7.5, 2.5, {player=1})
set_actor("ac-whiteball", 8.5, 2.5, {player=1})
set_actor("ac-whiteball", 9.5, 2.5, {player=1})
set_actor("ac-whiteball", 10.5, 2.5, {player=1})
set_actor("ac-whiteball", 11.5, 2.5, {player=1})
set_actor("ac-whiteball", 12.5, 2.5, {player=1})
set_actor("ac-whiteball", 13.5, 2.5, {player=1})
set_actor("ac-whiteball", 14.5, 2.5, {player=1})
set_actor("ac-whiteball", 15.5, 2.5, {player=1})
set_actor("ac-whiteball", 16.5, 2.5, {player=1})
set_actor("ac-whiteball", 17.5, 2.5, {player=1})
set_actor("ac-whiteball", 18.5, 2.5, {player=1})
set_actor("ac-whiteball", 1.5, 3.5, {player=1})
set_actor("ac-whiteball", 2.5, 3.5, {player=1})
set_actor("ac-whiteball", 3.5, 3.5, {player=1})
set_actor("ac-whiteball", 4.5, 3.5, {player=1})
set_actor("ac-whiteball", 5.5, 3.5, {player=1})
set_actor("ac-whiteball", 6.5, 3.5, {player=1})
set_actor("ac-whiteball", 7.5, 3.5, {player=1})
set_actor("ac-whiteball", 8.5, 3.5, {player=1})
set_actor("ac-whiteball", 9.5, 3.5, {player=1})
set_actor("ac-whiteball", 10.5, 3.5, {player=1})
set_actor("ac-whiteball", 11.5, 3.5, {player=1})
set_actor("ac-whiteball", 12.5, 3.5, {player=1})
set_actor("ac-whiteball", 13.5, 3.5, {player=1})
set_actor("ac-whiteball", 14.5, 3.5, {player=1})
set_actor("ac-whiteball", 15.5, 3.5, {player=1})
set_actor("ac-whiteball", 16.5, 3.5, {player=1})
set_actor("ac-whiteball", 17.5, 3.5, {player=1})
set_actor("ac-whiteball", 18.5, 3.5, {player=1})
set_actor("ac-whiteball", 1.5, 4.5, {player=1})
set_actor("ac-whiteball", 2.5, 4.5, {player=1})
set_actor("ac-whiteball", 3.5, 4.5, {player=1})
set_actor("ac-whiteball", 4.5, 4.5, {player=1})
set_actor("ac-whiteball", 5.5, 4.5, {player=1})
set_actor("ac-whiteball", 6.5, 4.5, {player=1})
set_actor("ac-whiteball", 7.5, 4.5, {player=1})
set_actor("ac-whiteball", 8.5, 4.5, {player=1})
set_actor("ac-whiteball", 9.5, 4.5, {player=1})
set_actor("ac-whiteball", 10.5, 4.5, {player=1})
set_actor("ac-whiteball", 11.5, 4.5, {player=1})
set_actor("ac-whiteball", 12.5, 4.5, {player=1})
set_actor("ac-whiteball", 13.5, 4.5, {player=1})
set_actor("ac-whiteball", 14.5, 4.5, {player=1})
set_actor("ac-whiteball", 15.5, 4.5, {player=1})
set_actor("ac-whiteball", 16.5, 4.5, {player=1})
set_actor("ac-whiteball", 17.5, 4.5, {player=1})
set_actor("ac-whiteball", 18.5, 4.5, {player=1})
set_actor("ac-whiteball", 1.5, 5.5, {player=1})
set_actor("ac-whiteball", 2.5, 5.5, {player=1})
set_actor("ac-whiteball", 3.5, 5.5, {player=1})
set_actor("ac-whiteball", 4.5, 5.5, {player=1})
set_actor("ac-whiteball", 5.5, 5.5, {player=1})
set_actor("ac-whiteball", 6.5, 5.5, {player=1})
set_actor("ac-whiteball", 7.5, 5.5, {player=1})
set_actor("ac-whiteball", 8.5, 5.5, {player=1})
set_actor("ac-whiteball", 9.5, 5.5, {player=1})
set_actor("ac-whiteball", 10.5, 5.5, {player=1})
set_actor("ac-whiteball", 11.5, 5.5, {player=1})
set_actor("ac-whiteball", 12.5, 5.5, {player=1})
set_actor("ac-whiteball", 13.5, 5.5, {player=1})
set_actor("ac-whiteball", 14.5, 5.5, {player=1})
set_actor("ac-whiteball", 15.5, 5.5, {player=1})
set_actor("ac-whiteball", 16.5, 5.5, {player=1})
set_actor("ac-whiteball", 17.5, 5.5, {player=1})
set_actor("ac-whiteball", 18.5, 5.5, {player=1})
set_actor("ac-whiteball", 1.5, 6.5, {player=1})
set_actor("ac-whiteball", 2.5, 6.5, {player=1})
set_actor("ac-whiteball", 3.5, 6.5, {player=1})
set_actor("ac-whiteball", 4.5, 6.5, {player=1})
set_actor("ac-whiteball", 5.5, 6.5, {player=1})
set_actor("ac-whiteball", 6.5, 6.5, {player=1})
set_actor("ac-whiteball", 7.5, 6.5, {player=1})
set_actor("ac-whiteball", 8.5, 6.5, {player=1})
set_actor("ac-whiteball", 9.5, 6.5, {player=1})
set_actor("ac-whiteball", 11.5, 6.5, {player=1})
set_actor("ac-whiteball", 12.5, 6.5, {player=1})
set_actor("ac-whiteball", 13.5, 6.5, {player=1})
set_actor("ac-whiteball", 14.5, 6.5, {player=1})
set_actor("ac-whiteball", 15.5, 6.5, {player=1})
set_actor("ac-whiteball", 16.5, 6.5, {player=1})
set_actor("ac-whiteball", 17.5, 6.5, {player=1})
set_actor("ac-whiteball", 18.5, 6.5, {player=1})
set_actor("ac-whiteball", 1.5, 7.5, {player=1})
set_actor("ac-whiteball", 2.5, 7.5, {player=1})
set_actor("ac-whiteball", 3.5, 7.5, {player=1})
set_actor("ac-whiteball", 4.5, 7.5, {player=1})
set_actor("ac-whiteball", 5.5, 7.5, {player=1})
set_actor("ac-whiteball", 6.5, 7.5, {player=1})
set_actor("ac-whiteball", 7.5, 7.5, {player=1})
set_actor("ac-whiteball", 8.5, 7.5, {player=1})
set_actor("ac-whiteball", 9.5, 7.5, {player=1})
set_actor("ac-whiteball", 10.5, 7.5, {player=1})
set_actor("ac-whiteball", 11.5, 7.5, {player=1})
set_actor("ac-whiteball", 12.5, 7.5, {player=1})
set_actor("ac-whiteball", 13.5, 7.5, {player=1})
set_actor("ac-whiteball", 14.5, 7.5, {player=1})
set_actor("ac-whiteball", 15.5, 7.5, {player=1})
set_actor("ac-whiteball", 16.5, 7.5, {player=1})
set_actor("ac-whiteball", 17.5, 7.5, {player=1})
set_actor("ac-whiteball", 18.5, 7.5, {player=1})
set_actor("ac-whiteball", 1.5, 8.5, {player=1})
set_actor("ac-whiteball", 2.5, 8.5, {player=1})
set_actor("ac-whiteball", 3.5, 8.5, {player=1})
set_actor("ac-whiteball", 4.5, 8.5, {player=1})
set_actor("ac-whiteball", 5.5, 8.5, {player=1})
set_actor("ac-whiteball", 6.5, 8.5, {player=1})
set_actor("ac-whiteball", 7.5, 8.5, {player=1})
set_actor("ac-whiteball", 8.5, 8.5, {player=1})
set_actor("ac-whiteball", 9.5, 8.5, {player=1})
set_actor("ac-whiteball", 10.5, 8.5, {player=1})
set_actor("ac-whiteball", 11.5, 8.5, {player=1})
set_actor("ac-whiteball", 12.5, 8.5, {player=1})
set_actor("ac-whiteball", 13.5, 8.5, {player=1})
set_actor("ac-whiteball", 14.5, 8.5, {player=1})
set_actor("ac-whiteball", 15.5, 8.5, {player=1})
set_actor("ac-whiteball", 16.5, 8.5, {player=1})
set_actor("ac-whiteball", 17.5, 8.5, {player=1})
set_actor("ac-whiteball", 18.5, 8.5, {player=1})
set_actor("ac-whiteball", 1.5, 9.5, {player=1})
set_actor("ac-whiteball", 2.5, 9.5, {player=1})
set_actor("ac-whiteball", 3.5, 9.5, {player=1})
set_actor("ac-whiteball", 4.5, 9.5, {player=1})
set_actor("ac-whiteball", 5.5, 9.5, {player=1})
set_actor("ac-whiteball", 6.5, 9.5, {player=1})
set_actor("ac-whiteball", 7.5, 9.5, {player=1})
set_actor("ac-whiteball", 8.5, 9.5, {player=1})
set_actor("ac-whiteball", 9.5, 9.5, {player=1})
set_actor("ac-whiteball", 10.5, 9.5, {player=1})
set_actor("ac-whiteball", 11.5, 9.5, {player=1})
set_actor("ac-whiteball", 12.5, 9.5, {player=1})
set_actor("ac-whiteball", 13.5, 9.5, {player=1})
set_actor("ac-whiteball", 14.5, 9.5, {player=1})
set_actor("ac-whiteball", 15.5, 9.5, {player=1})
set_actor("ac-whiteball", 16.5, 9.5, {player=1})
set_actor("ac-whiteball", 17.5, 9.5, {player=1})
set_actor("ac-whiteball", 18.5, 9.5, {player=1})
set_actor("ac-whiteball", 1.5, 10.5, {player=1})
set_actor("ac-whiteball", 2.5, 10.5, {player=1})
set_actor("ac-whiteball", 3.5, 10.5, {player=1})
set_actor("ac-whiteball", 4.5, 10.5, {player=1})
set_actor("ac-whiteball", 5.5, 10.5, {player=1})
set_actor("ac-whiteball", 6.5, 10.5, {player=1})
set_actor("ac-whiteball", 7.5, 10.5, {player=1})
set_actor("ac-whiteball", 8.5, 10.5, {player=1})
set_actor("ac-whiteball", 9.5, 10.5, {player=1})
set_actor("ac-whiteball", 10.5, 10.5, {player=1})
set_actor("ac-whiteball", 11.5, 10.5, {player=1})
set_actor("ac-whiteball", 12.5, 10.5, {player=1})
set_actor("ac-whiteball", 13.5, 10.5, {player=1})
set_actor("ac-whiteball", 14.5, 10.5, {player=1})
set_actor("ac-whiteball", 15.5, 10.5, {player=1})
set_actor("ac-whiteball", 16.5, 10.5, {player=1})
set_actor("ac-whiteball", 17.5, 10.5, {player=1})
set_actor("ac-whiteball", 18.5, 10.5, {player=1})
set_actor("ac-whiteball", 2.5, 11.5, {player=1})
set_actor("ac-whiteball", 3.5, 11.5, {player=1})
set_actor("ac-whiteball", 4.5, 11.5, {player=1})
set_actor("ac-whiteball", 5.5, 11.5, {player=1})
set_actor("ac-whiteball", 6.5, 11.5, {player=1})
set_actor("ac-whiteball", 7.5, 11.5, {player=1})
set_actor("ac-whiteball", 8.5, 11.5, {player=1})
set_actor("ac-whiteball", 9.5, 11.5, {player=1})
set_actor("ac-whiteball", 10.5, 11.5, {player=1})
set_actor("ac-whiteball", 11.5, 11.5, {player=1})
set_actor("ac-whiteball", 12.5, 11.5, {player=1})
set_actor("ac-whiteball", 13.5, 11.5, {player=1})
set_actor("ac-whiteball", 14.5, 11.5, {player=1})
set_actor("ac-whiteball", 15.5, 11.5, {player=1})
set_actor("ac-whiteball", 16.5, 11.5, {player=1})
set_actor("ac-whiteball", 17.5, 11.5, {player=1})
    ]]></el:luamain>
    <el:i18n>
      <el:string el:key="title">
        <el:english el:translate="false"/>
      </el:string>
    </el:i18n>
  </el:protected>
</el:level>
