<?xml version="1.0" encoding="UTF-8" standalone="no" ?>
<el:level xmlns:xsi="http://www.w3.org/2001/XMLSchema-instance" xsi:schemaLocation="http://enigma-game.org/schema/level/1 level.xsd" xmlns:el="http://enigma-game.org/schema/level/1">
  <el:protected>
    <el:info el:type="level">
      <el:identity el:title="Danger Slide" el:subtitle="" el:id="luc15"/>
      <el:version el:score="1" el:release="1" el:revision="0" el:status="released"/>
      <el:author  el:name="Lukas Schüller" el:email="Lucky_Luc@web.de" el:homepage=""/>
      <el:copyright>Copyright © 2005 Lukas Schüller</el:copyright>
      <el:license el:type="GPL v2.0 or above" el:open="true"/>
      <el:compatibility el:enigma="0.92">
      </el:compatibility>
      <el:modes el:easy="false" el:single="true" el:network="false"/>
      <el:comments>
        <el:code>Lua 5.1 and XML converted by Leveladministrators</el:code>
      </el:comments>
      <el:score el:easy="-" el:difficult="-"/>
    </el:info>
    <el:luamain><![CDATA[
-- Environment
CreateWorld(20, 13) 
draw_border("st-actorimpulse")
fill_floor("fl-ice", 0,0, 20,13)
set_stone("st-death", 3,3)
set_stone("st-death", 3,9)
set_stone("st-death", 16,3)
set_stone("st-death", 16,9)
set_item("it-magnet", 1,1, {on=TRUE})
set_item("it-magnet", 1,11, {on=TRUE})
set_item("it-magnet", 18,1, {on=TRUE})
set_item("it-magnet", 18,11, {on=TRUE})
oxyd_default_flavor = "d"
oxyd(0,1)
oxyd(0,11)
oxyd(19,1)
oxyd(19,11)
oxyd_shuffle()
set_actor("ac-blackball", 10,6.5, {player=0})
    ]]></el:luamain>
    <el:i18n>
      <el:string el:key="title">
        <el:english el:translate="false"/>
      </el:string>
    </el:i18n>
  </el:protected>
</el:level>
