<?xml version="1.0" encoding="UTF-8" standalone="no" ?>
<el:level xmlns:xsi="http://www.w3.org/2001/XMLSchema-instance" xsi:schemaLocation="http://enigma-game.org/schema/level/1 level.xsd" xmlns:el="http://enigma-game.org/schema/level/1">
  <el:protected>
    <el:info el:type="level">
      <el:identity el:title="Space Fishing" el:subtitle="" el:id="martin73"/>
      <el:version el:score="1" el:release="1" el:revision="0" el:status="released"/>
      <el:author  el:name="Martin Hawlisch" el:email="" el:homepage=""/>
      <el:copyright>Copyright © 2003 Martin Hawlisch</el:copyright>
      <el:license el:type="GPL version 2" el:open="true"/>
      <el:compatibility el:enigma="0.92">
      </el:compatibility>
      <el:modes el:easy="false" el:single="true" el:network="false"/>
      <el:comments>
        <el:code>Lua 5.1 and XML converted by Leveladministrators</el:code>
      </el:comments>
      <el:score el:easy="-" el:difficult="-"/>
    </el:info>
    <el:luamain><![CDATA[
create_world( 20, 13)
oxyd_default_flavor = "d"

fill_floor( "fl-brick")
fill_floor( "fl-space", 1,7,18,5)
fill_floor( "fl-brick", 9,9,2,1)

draw_border( "st-brick")
draw_stones( "st-brick", {1,6}, {1,0}, 18)

set_stone("st-death", 1, 1)
set_stone("st-death",18, 1)
set_stone("st-death", 1, 5)
set_stone("st-death",18, 5)
set_stone("st-death", 6, 7)
set_stone("st-death",13, 7)

oxyd(1,7)
oxyd(1,10)
oxyd(18,7)
oxyd(18,10)
oxyd(3,7)
oxyd(16,7)
oxyd(4,11)
oxyd(15,11)
oxyd(8,7)
oxyd(9,7)
oxyd(10,7)
oxyd(11,7)

oxyd_shuffle()

local ac1 = set_actor("ac-blackball", 10, 4.5, {essential=1})
local ac2 = set_actor("ac-whiteball", 10, 9.5, {player=0, mouseforce=0, essential=1})

AddRubberBand( ac1, ac2, 6, 5)
    ]]></el:luamain>
    <el:i18n>
      <el:string el:key="title">
        <el:english el:translate="false"/>
      </el:string>
    </el:i18n>
  </el:protected>
</el:level>
