<?xml version="1.0" encoding="UTF-8" standalone="no" ?>
<el:level xmlns:xsi="http://www.w3.org/2001/XMLSchema-instance" xsi:schemaLocation="http://enigma-game.org/schema/level/1 level.xsd" xmlns:el="http://enigma-game.org/schema/level/1">
  <el:protected>
    <el:info el:type="level">
      <el:identity el:title="Bowling" el:subtitle="" el:id="martin80"/>
      <el:version el:score="1" el:release="1" el:revision="0" el:status="released"/>
      <el:author  el:name="Martin Hawlisch" el:email="" el:homepage=""/>
      <el:copyright>Copyright © 2003 Martin Hawlisch</el:copyright>
      <el:license el:type="GPL version 2" el:open="true"/>
      <el:compatibility el:enigma="0.92">
      </el:compatibility>
      <el:modes el:easy="false" el:single="true" el:network="false"/>
      <el:comments>
        <el:code>Lua 5.1 and XML converted by Leveladministrators</el:code>
      </el:comments>
      <el:score el:easy="-" el:difficult="-"/>
    </el:info>
    <el:luamain><![CDATA[
levelw = 20
levelh = 13

create_world( levelw, levelh)
draw_border("st-rock5")
fill_floor("fl-space")
fill_floor("fl-tigris", 14,1,6,11)

draw_stones("st-oneway_white-e", {12,1}, {0,1},  2)
draw_stones("st-oneway_white-w", {12,3}, {0,1},  7)
draw_stones("st-oneway_white-e", {12,10}, {0,1}, 2)

draw_floor("fl-gradient", {1,1}, {1,0}, 11, {type=FLAT_FORCE_E})
draw_floor("fl-gradient", {1,11}, {1,0}, 11, {type=FLAT_FORCE_E})
set_floor("fl-gradient", 12,1, {type=SLOPE_S_FORCE_E})
set_floor("fl-gradient", 12,11, {type=SLOPE_N_FORCE_E})

oxyd( 3, 3)
oxyd( 3, 5)
oxyd( 3, 7)
oxyd( 3, 9)

oxyd( 5, 4)
oxyd( 5, 6)
oxyd( 5, 8)

oxyd( 7, 5)
oxyd( 7, 7)

oxyd( 9, 6)

oxyd_shuffle()

set_actor("ac-blackball", 16.5, 4.5)
set_actor("ac-whiteball", 1.5, 1.5, {player=0, mouseforce=0})
    ]]></el:luamain>
    <el:i18n>
      <el:string el:key="title">
        <el:english el:translate="false"/>
      </el:string>
    </el:i18n>
  </el:protected>
</el:level>
