<?xml version="1.0" encoding="UTF-8" standalone="no" ?>
<el:level xmlns:xsi="http://www.w3.org/2001/XMLSchema-instance" xsi:schemaLocation="http://enigma-game.org/schema/level/1 level.xsd" xmlns:el="http://enigma-game.org/schema/level/1">
  <el:protected>
    <el:info el:type="level">
      <el:identity el:title="Swap Swap" el:subtitle="" el:id="level1f"/>
      <el:version el:score="1" el:release="1" el:revision="0" el:status="released"/>
      <el:author  el:name="Siegfried Fennig" el:email="" el:homepage=""/>
      <el:copyright>Copyright © 2003 Siegfried Fennig</el:copyright>
      <el:license el:type="GPL version 2" el:open="true"/>
      <el:compatibility el:enigma="0.92">
      </el:compatibility>
      <el:modes el:easy="false" el:single="true" el:network="false"/>
      <el:comments>
        <el:code>Lua 5.1 and XML converted by Leveladministrators</el:code>
      </el:comments>
      <el:score el:easy="-" el:difficult="-"/>
    </el:info>
    <el:luamain><![CDATA[
levelw = 20
levelh = 13

create_world(levelw, levelh)
draw_border("st-metal")
fill_floor("fl-gray")

draw_stones("st-metal",   {17,1}, {0,1}, 5)
draw_stones("st-metal",   {17,7}, {0,1}, 5)
draw_stones("st-metal",   {5,6}, {1,0}, 2)
draw_stones("st-metal",   {5,8}, {1,0}, 3)
draw_stones("st-metal",   {10,6}, {1,0}, 2)
draw_stones("st-metal",   {9,8}, {1,0}, 3)

set_stone("st-metal", 7,4)
set_stone("st-metal", 9,4)
set_stone("st-metal", 8,7)

draw_stones("st-grate1", {4,6}, {0,1} ,3)
draw_stones("st-grate1", {12,6}, {0,1} ,3)
draw_stones("st-grate1", {7,3}, {1,0} ,3)

set_stone("st-swap", 7,5)
set_stone("st-grate1", 9,5)

set_stone("st-door", 17, 6, {name="door", type="v"})

shogundot3(8,8, {target="door", action="openclose"})
set_stone("st-shogun-sml", 8,5)

oxyd(18,1)
oxyd(18,11)

set_actor("ac-blackball" ,2.5, 6.5)
    ]]></el:luamain>
    <el:i18n>
      <el:string el:key="title">
        <el:english el:translate="false"/>
      </el:string>
    </el:i18n>
  </el:protected>
</el:level>
