<?xml version="1.0" encoding="UTF-8" standalone="no" ?>
<el:level xmlns:xsi="http://www.w3.org/2001/XMLSchema-instance" xsi:schemaLocation="http://enigma-game.org/schema/level/1 level.xsd" xmlns:el="http://enigma-game.org/schema/level/1">
  <el:protected>
    <el:info el:type="level">
      <el:identity el:title="Blind Date" el:subtitle="" el:id="ss11"/>
      <el:version el:score="1" el:release="1" el:revision="0" el:status="released"/>
      <el:author  el:name="Sven Siggelkow" el:email="" el:homepage=""/>
      <el:copyright>Copyright © 2003 Sven Siggelkow</el:copyright>
      <el:license el:type="GPL v2.0 or above" el:open="true"/>
      <el:compatibility el:enigma="0.92">
       <el:dependency el:path="lib/ant" el:id="lib/ant" el:release="1" el:preload="true"/>
      </el:compatibility>
      <el:modes el:easy="false" el:single="true" el:network="false"/>
      <el:comments>
        <el:code>Lua 5.1 and XML converted by Leveladministrators</el:code>
      </el:comments>
      <el:score el:easy="-" el:difficult="-"/>
    </el:info>
    <el:luamain><![CDATA[
world.DefineSimpleStoneMovable("invisible_move", "metal", 0)
display.DefineAlias("invisible_move", "st-invisible")

cells={}

cells[" "]=cell{floor="fl-leaves"}
cells["#"]=cell{stone="st-invisible"}
cells["h"]=cell{parent=cells[" "],item="it-hollow"}
cells["g"]=cell{parent=cells[" "],stone="st-grate1"}
cells["S"]=cell{parent=cells[" "],stone="st-swap"}
cells["i"]=cell{parent=cells[" "],stone="invisible_move"}
cells["x"]=cell{actor={"ac-whiteball-small", {player=0, mouseforce=1, essential=1}}}

level = {
   "####################",
   "#               #gh#",
   "#  x       i    #gg#",
   "#               ####",
   "#                  #",
   "#         S        #",
   "#                  #",
   "#                  #",
   "#  ##              #",
   "### i              #",
   "# i i            x #",
   "#h  i              #",
   "####################"
}

set_default_parent(cells[" "])

create_world_by_map(level,cells)
    ]]></el:luamain>
    <el:i18n>
      <el:string el:key="title">
        <el:english el:translate="false"/>
      </el:string>
    </el:i18n>
  </el:protected>
</el:level>
