<?xml version="1.0" encoding="UTF-8" standalone="no" ?>
<el:level xmlns:xsi="http://www.w3.org/2001/XMLSchema-instance" xsi:schemaLocation="http://enigma-game.org/schema/level/1 level.xsd" xmlns:el="http://enigma-game.org/schema/level/1">
  <el:protected>
    <el:info el:type="level">
      <el:identity el:title="esprit 46" el:subtitle="esprit 46" el:id="martin52"/>
      <el:version el:score="1" el:release="1" el:revision="0" el:status="released"/>
      <el:author  el:name="Martin Hawlisch" el:email="" el:homepage=""/>
      <el:copyright>Copyright © 2003 Martin Hawlisch</el:copyright>
      <el:license el:type="GPL version 2" el:open="true"/>
      <el:compatibility el:enigma="0.92">
      </el:compatibility>
      <el:modes el:easy="false" el:single="true" el:network="false"/>
      <el:comments>
        <el:code>Lua 5.1 and XML converted by Leveladministrators</el:code>
      </el:comments>
      <el:score el:easy="-" el:difficult="-"/>
    </el:info>
    <el:luamain><![CDATA[
create_world( 20, 13)
oxyd_default_flavor = "a"

draw_border("st-death")

for i=0, 10 do
    draw_floor("fl-gradient", {2*i,0}, {0,1},level_height, {type=4})
    draw_floor("fl-gradient", {2*i+1,0}, {0,1},level_height, {type=3})
end

oxyd( 3, 0)
oxyd( 4, 0)
oxyd( 9, 0)
oxyd(10, 0)
oxyd(15, 0)
oxyd(16, 0)
oxyd( 3,12)
oxyd( 4,12)
oxyd( 9,12)
oxyd(10,12)
oxyd(15,12)
oxyd(16,12)
oxyd_shuffle()

set_actor("ac-blackball", 10, 6)
    ]]></el:luamain>
    <el:i18n>
      <el:string el:key="title">
        <el:english el:translate="false"/>
      </el:string>
    </el:i18n>
  </el:protected>
</el:level>
