<?xml version="1.0" encoding="UTF-8" standalone="no" ?>
<el:level xmlns:xsi="http://www.w3.org/2001/XMLSchema-instance" xsi:schemaLocation="http://enigma-game.org/schema/level/1 level.xsd" xmlns:el="http://enigma-game.org/schema/level/1">
  <el:protected>
    <el:info el:type="level">
      <el:identity el:title="Checkered craze" el:subtitle="esprit 62" el:id="level3b"/>
      <el:version el:score="1" el:release="1" el:revision="0" el:status="released"/>
      <el:author  el:name="" el:email="" el:homepage=""/>
      <el:copyright>Copyright © 2003 </el:copyright>
      <el:license el:type="GPL version 2" el:open="true"/>
      <el:compatibility el:enigma="0.92">
      </el:compatibility>
      <el:modes el:easy="false" el:single="true" el:network="false"/>
      <el:comments>
        <el:code>Lua 5.1 and XML converted by Leveladministrators</el:code>
      </el:comments>
      <el:score el:easy="-" el:difficult="-"/>
    </el:info>
    <el:luamain><![CDATA[
levelw = 20
levelh = 13

create_world(levelw, levelh)
draw_border("st-brownie")
fill_floor("fl-dunes")

oxyd(2,3)
oxyd(5,4)
oxyd(15,3)
oxyd(16,6)
oxyd(4,9)
oxyd(13,9)
oxyd_shuffle()

draw_stones("st-death", {8,0}, {1,0},4)
draw_stones("st-death", {8,12}, {1,0},4)

draw_stones("st-brownie", {1,1}, {1,1},8)
draw_stones("st-brownie", {1,3}, {1,1},8)
draw_stones("st-brownie", {1,5}, {1,1},7)
draw_stones("st-brownie", {1,7}, {1,1},5)
draw_stones("st-brownie", {1,9}, {1,1},3)
draw_stones("st-brownie", {1,11}, {1,1},1)
draw_stones("st-brownie", {3,1}, {1,1},6)
draw_stones("st-brownie", {5,1}, {1,1},4)
draw_stones("st-brownie", {7,1}, {1,1},2)
draw_stones("st-brownie", {12,1}, {1,1},7)
draw_stones("st-brownie", {14,1}, {1,1},5)
draw_stones("st-brownie", {16,1}, {1,1},3)
draw_stones("st-brownie", {18,1}, {1,1},1)
draw_stones("st-brownie", {11,2}, {1,1},8)
draw_stones("st-brownie", {11,4}, {1,1},8)
draw_stones("st-brownie", {11,6}, {1,1},6)
draw_stones("st-brownie", {11,8}, {1,1},4)
draw_stones("st-brownie", {11,10}, {1,1},2)

set_actor("ac-blackball", 10.5,7.5)
    ]]></el:luamain>
    <el:i18n>
      <el:string el:key="title">
        <el:english el:translate="false"/>
      </el:string>
    </el:i18n>
  </el:protected>
</el:level>
