<?xml version="1.0" encoding="UTF-8" standalone="no" ?>
<el:level xmlns:xsi="http://www.w3.org/2001/XMLSchema-instance" xsi:schemaLocation="http://enigma-game.org/schema/level/1 level.xsd" xmlns:el="http://enigma-game.org/schema/level/1">
  <el:protected>
    <el:info el:type="level">
      <el:identity el:title="esprit 67" el:subtitle="esprit 67" el:id="martin54"/>
      <el:version el:score="1" el:release="1" el:revision="0" el:status="released"/>
      <el:author  el:name="Martin Hawlisch" el:email="" el:homepage=""/>
      <el:copyright>Copyright © 2003 Martin Hawlisch</el:copyright>
      <el:license el:type="GPL version 2" el:open="true"/>
      <el:compatibility el:enigma="0.92">
      </el:compatibility>
      <el:modes el:easy="true" el:single="true" el:network="false"/>
      <el:comments>
        <el:code>Lua 5.1 and XML converted by Leveladministrators</el:code>
      </el:comments>
      <el:score el:easy="-" el:difficult="-"/>
    </el:info>
    <el:luamain><![CDATA[
create_world( 20, 13)
enigma.ConserveLevel=FALSE

oxyd_default_flavor = "a"

fill_floor( "fl-abyss", 0, 0, level_width, 2)
fill_floor( "fl-rough", 0, 2, level_width, level_height-2)
fill_floor( "fl-rough_medium", 5, 7, 10, 1)

draw_border("st-rock1", 0, 2, level_width, level_height-2)
draw_border("st-rock1", 2, 4, level_width-4, level_height-6)
draw_border("st-rock1", 4, 6, level_width-8, level_height-10)

set_stone("st-death", 4, 7)
set_stone("st-death",15, 7)

oxyd( 0, 7)
oxyd( 2, 4)
oxyd( 2, 7)
oxyd( 2,10)
oxyd( 4, 6)
oxyd( 4, 8)
oxyd(19, 7)
oxyd(17, 4)
oxyd(17, 7)
oxyd(17,10)
oxyd(15, 6)
oxyd(15, 8)
oxyd_shuffle()

set_actor("ac-blackball", 10, 7.5, {player=0, controllers=1, essential=-1})

if not difficult then
    set_actor("ac-killerball", 10, 5.5, {player=0, controllers=1, mouseforce=1})
else
    set_actor("ac-whiteball-small", 10, 5.5, {player=0, controllers=1, essential=-1})
end

set_actor("ac-whiteball-small", 10,11.5, {player=0, controllers=1})
    ]]></el:luamain>
    <el:i18n>
      <el:string el:key="title">
        <el:english el:translate="false"/>
      </el:string>
    </el:i18n>
  </el:protected>
</el:level>
