<?xml version="1.0" encoding="UTF-8" standalone="no" ?>
<el:level xmlns:xsi="http://www.w3.org/2001/XMLSchema-instance" xsi:schemaLocation="http://enigma-game.org/schema/level/1 level.xsd" xmlns:el="http://enigma-game.org/schema/level/1">
  <el:protected>
    <el:info el:type="level">
      <el:identity el:title="esprit 73" el:subtitle="esprit 73" el:id="ss_esp73"/>
      <el:version el:score="1" el:release="1" el:revision="0" el:status="released"/>
      <el:author  el:name="Sven Siggelkow" el:email="" el:homepage=""/>
      <el:copyright>Copyright © 2003 Sven Siggelkow</el:copyright>
      <el:license el:type="GPL v2.0 or above" el:open="true"/>
      <el:compatibility el:enigma="0.92">
      </el:compatibility>
      <el:modes el:easy="false" el:single="true" el:network="false"/>
      <el:comments>
        <el:code>Lua 5.1 and XML converted by Leveladministrators</el:code>
      </el:comments>
      <el:score el:easy="-" el:difficult="-"/>
    </el:info>
    <el:luamain><![CDATA[
levelw = 20
levelh = 13
create_world(levelw, levelh)
oxyd_default_flavor = "a"
fill_floor( "fl-floor_001",0,0,levelw,levelh)
function renderLine( line, pattern)
    for i=1, strlen(pattern) do
      local c = strsub( pattern, i, i)
      if c ==   "#" then
         set_floor("fl-abyss",i-1,line)
      elseif c=="d" then
         set_actor("ac-blackball", i-.5,line+.5)
         document(i-1,line,"text1")
      elseif c =="W" then                                                               
         set_stone("st-marble",i-1,line)        
      elseif c =="." then                                                               
         set_item("it-burnable_ash",i-1,line)
      elseif c=="O" then
     oxyd(i-1,line) 
        end
    end
end
--              01234567890123456789
renderLine(00, "####################")
renderLine(01, "WWWWWWWWWWWWWWWWWWWW")
renderLine(02, "W###    .     . ###W")
renderLine(03, "W#O  .      .d   O#W")  
renderLine(04, "W#          .  .  #W")
renderLine(05, "W  .               W")
renderLine(06, "W     .            W")
renderLine(07, "W .       . . .  . W")
renderLine(08, "W#   .  .         #W")
renderLine(09, "W#O  .     .  .  O#W")
renderLine(10, "W###    .       ###W")
renderLine(11, "WWWWWWWWWWWWWWWWWWWW")
renderLine(12, "####################")
--              01234567890123456789
                              
oxyd_shuffle()
    ]]></el:luamain>
    <el:i18n>
      <el:string el:key="title">
        <el:english el:translate="false"/>
      </el:string>
      <el:string el:key="text1">
        <el:english el:translate="true">If you think this is too easy, then play -Bavarian Madness-</el:english>
      </el:string> 
    </el:i18n>
  </el:protected>
</el:level>
