<?xml version="1.0" encoding="UTF-8" standalone="no" ?>
<el:level xmlns:xsi="http://www.w3.org/2001/XMLSchema-instance" xsi:schemaLocation="http://enigma-game.org/schema/level/1 level.xsd" xmlns:el="http://enigma-game.org/schema/level/1">
  <el:protected>
    <el:info el:type="level">
      <el:identity el:title="esprit 9" el:subtitle="esprit 9" el:id="ss_esp09"/>
      <el:version el:score="1" el:release="1" el:revision="0" el:status="released"/>
      <el:author  el:name="Sven Siggelkow" el:email="" el:homepage=""/>
      <el:copyright>Copyright © 2003 Sven Siggelkow</el:copyright>
      <el:license el:type="GPL v2.0 or above" el:open="true"/>
      <el:compatibility el:enigma="0.92">
      </el:compatibility>
      <el:modes el:easy="false" el:single="true" el:network="false"/>
      <el:comments>
        <el:code>Lua 5.1 and XML converted by Leveladministrators</el:code>
      </el:comments>
      <el:score el:easy="-" el:difficult="-"/>
    </el:info>
    <el:luamain><![CDATA[
levelw = 20
levelh = 13
create_world(levelw, levelh)
oxyd_default_flavor = "b"       -- Default flavor for oxyd stones.

set_actor("ac-blackball", 10.5,6.5)

fill_floor("fl-normal", 0,0, 15,level_height)
fill_floor("fl-gray")
function renderLine( line, pattern)
    for i=1, strlen(pattern) do
      local c = strsub( pattern, i, i)
      if c ==   "#" then
         set_stone("st-actorimpulse",i-1,line)
      elseif c=="S" then
         set_stone("st-grate2",i-1,line)
      elseif c=="G" then
     set_floor("fl-gradient",  i-1,  line, {type=3})
      elseif c=="W" then
         set_stone("st-rock2",i-1,line)
      elseif c=="O" then
     oxyd(i-1,line)
        end
    end
end
--              01234567890123456789
renderLine(00, "WWWWWWWWWWWWWWWWWWWW")
renderLine(01, "W              G   W")
renderLine(02, "W     WWWWWWW  G   W")
renderLine(03, "W     W     W  G O W")
renderLine(04, "W     W     W  G   W")  
renderLine(05, "W     S     W  G   W")
renderLine(06, "W     S  O  W  G O W")
renderLine(07, "W     S     W  G   W")
renderLine(08, "W     W     W  G   W")
renderLine(09, "W     W     W  G O W")
renderLine(10, "W     WWWWWWW  G   W")
renderLine(11, "W              G   W")
renderLine(12, "WWWWWWWWWWWWWWWWWWWW")
--              01234567890123456789
oxyd_shuffle()
    ]]></el:luamain>
    <el:i18n>
      <el:string el:key="title">
        <el:english el:translate="false"/>
      </el:string>
    </el:i18n>
  </el:protected>
</el:level>
