<?xml version="1.0" encoding="UTF-8" standalone="no" ?>
<el:level xmlns:xsi="http://www.w3.org/2001/XMLSchema-instance" xsi:schemaLocation="http://enigma-game.org/schema/level/1 level.xsd" xmlns:el="http://enigma-game.org/schema/level/1">
  <el:protected>
    <el:info el:type="level">
      <el:identity el:title="- Meditation -" el:subtitle="esprit 60" el:id="meditation12"/>
      <el:version el:score="1" el:release="1" el:revision="0" el:status="released"/>
      <el:author  el:name="anonymous" el:email="" el:homepage=""/>
      <el:copyright>Copyright © anonymous</el:copyright>
      <el:license el:type="Donated to Enigma under the projects license" el:open="true"/>
      <el:compatibility el:enigma="0.92">
      </el:compatibility>
      <el:modes el:easy="false" el:single="true" el:network="false"/>
      <el:comments>
        <el:code>Lua 5.1 and XML converted by Leveladministrators</el:code>
      </el:comments>
      <el:score el:easy="-" el:difficult="-"/>
    </el:info>
    <el:luamain><![CDATA[
levelw = 20
levelh = 13

create_world(levelw, levelh)
enigma.ConserveLevel=FALSE
draw_border("st-brownie")

fill_floor("fl-sand")

fill_stones( "st-grate1", 1, 5, 5, 7)
fill_stones( "st-grate1", 14, 5, 5, 7)
fill_stones( "st-grate1", 6, 5, 8, 3)
fill_stones( "st-grate1", 9, 8, 2, 4)

draw_stones( "st-death", {1,6}, {1,0}, 6)
draw_stones( "st-death", {13,6}, {1,0}, 6)
draw_stones( "st-death", {1,6}, {1,0}, 6)
draw_stones( "st-death", {4,7}, {0,1}, 4)
draw_stones( "st-death", {15,7}, {0,1}, 4)
fill_stones( "st-death", 9, 5, 2, 2)
fill_stones( "st-death", 9, 9, 2, 1)

hollow( 7, 9)
hollow( 8,11)
hollow(11,11)
hollow(12, 9)

set_actor("ac-whiteball-small", 6.5, 5.5, {player=0, mouseforce=1, essential=1})
set_actor("ac-whiteball-small",13.5, 5.5, {player=0, mouseforce=1, essential=1})
set_actor("ac-whiteball-small", 9.5, 7.5, {player=0, mouseforce=1, essential=1})
set_actor("ac-whiteball-small",10.5, 7.5, {player=0, mouseforce=1, essential=1})
    ]]></el:luamain>
    <el:i18n>
      <el:string el:key="title">
        <el:english el:translate="false"/>
      </el:string>
    </el:i18n>
  </el:protected>
</el:level>
