<?xml version="1.0" encoding="UTF-8" standalone="no" ?>
<el:level xmlns:xsi="http://www.w3.org/2001/XMLSchema-instance" xsi:schemaLocation="http://enigma-game.org/schema/level/1 level.xsd" xmlns:el="http://enigma-game.org/schema/level/1">
  <el:protected>
    <el:info el:type="level">
      <el:identity el:title="esprit 4" el:subtitle="esprit 4" el:id="martin55"/>
      <el:version el:score="1" el:release="1" el:revision="0" el:status="released"/>
      <el:author  el:name="Martin Hawlisch" el:email="" el:homepage=""/>
      <el:copyright>Copyright © 2003 Martin Hawlisch</el:copyright>
      <el:license el:type="GPL version 2" el:open="true"/>
      <el:compatibility el:enigma="0.92">
      </el:compatibility>
      <el:modes el:easy="false" el:single="true" el:network="false"/>
      <el:comments>
        <el:code>Lua 5.1 and XML converted by Leveladministrators</el:code>
      </el:comments>
      <el:score el:easy="-" el:difficult="-"/>
    </el:info>
    <el:luamain><![CDATA[
create_world( 20, 13)
oxyd_default_flavor = "b"

fill_floor( "fl-abyss")

draw_floor("fl-gradient", {1,5}, {1,0}, 9, {type=3})
draw_floor("fl-gradient", {10,5}, {1,0}, 9, {type=4})
draw_floor("fl-gradient", {1,6}, {1,0}, 9, {type=3})
draw_floor("fl-gradient", {10,6}, {1,0}, 9, {type=4})
draw_floor("fl-gradient", {1,7}, {1,0}, 9, {type=3})
draw_floor("fl-gradient", {10,7}, {1,0}, 9, {type=4})

draw_border("st-fakeoxyd", 0, 5, level_width, 3)

oxyd( 2, 5)
oxyd( 2, 7)
oxyd( 7, 5)
oxyd( 7, 7)
oxyd(12, 5)
oxyd(12, 7)
oxyd(17, 5)
oxyd(17, 7)
oxyd_shuffle()

set_actor("ac-blackball", 10, 6.5)
    ]]></el:luamain>
    <el:i18n>
      <el:string el:key="title">
        <el:english el:translate="false"/>
      </el:string>
    </el:i18n>
  </el:protected>
</el:level>
