<?xml version="1.0" encoding="UTF-8" standalone="no" ?>
<el:level xmlns:xsi="http://www.w3.org/2001/XMLSchema-instance" xsi:schemaLocation="http://enigma-game.org/schema/level/1 level.xsd" xmlns:el="http://enigma-game.org/schema/level/1">
  <el:protected>
    <el:info el:type="level">
      <el:identity el:title="esprit 14" el:subtitle="esprit 14" el:id="martin56"/>
      <el:version el:score="1" el:release="1" el:revision="0" el:status="released"/>
      <el:author  el:name="Martin Hawlisch" el:email="" el:homepage=""/>
      <el:copyright>Copyright © 2003 Martin Hawlisch</el:copyright>
      <el:license el:type="GPL version 2" el:open="true"/>
      <el:compatibility el:enigma="0.92">
      </el:compatibility>
      <el:modes el:easy="false" el:single="true" el:network="false"/>
      <el:comments>
        <el:code>Lua 5.1 and XML converted by Leveladministrators</el:code>
      </el:comments>
      <el:score el:easy="-" el:difficult="-"/>
    </el:info>
    <el:luamain><![CDATA[
create_world( 39, 13)
oxyd_default_flavor = "c"

fill_floor( "fl-normal")

draw_border("st-bluegray")
draw_stones("st-bluegray", {19,1}, {0,1}, 11)
doorv( 19, 6, {name="door1"})
set_stone("st-coinslot", 19, 5, {action="openclose", target="door1"})
set_stone("st-death", 19, 8)

set_item("it-coin1", 5, 2)
set_item("it-coin1", 8, 5)
set_item("it-coin1", 15, 4)

oxyd( 3, 3)
oxyd(24, 3)
oxyd( 6, 9)
oxyd(33, 8)

set_actor("ac-blackball", 10, 8.5)
    ]]></el:luamain>
    <el:i18n>
      <el:string el:key="title">
        <el:english el:translate="false"/>
      </el:string>
    </el:i18n>
  </el:protected>
</el:level>
